[{"class":"Enemy","time":4,"x":800,"y":600,"type":"Vertical"},{"class":"Enemy","time":4,"x":800,"y":0,"type":"Vertical"},{"class":"Enemy","time":6,"x":800,"y":100,"type":"Drone"},{"class":"Enemy","time":6,"x":800,"y":200,"type":"Drone"},{"class":"Enemy","time":6,"x":800,"y":400,"type":"Drone"},{"class":"Enemy","time":6,"x":800,"y":500,"type":"Drone"},{"class":"Enemy","time":8,"x":800,"y":600,"type":"Vertical"},{"class":"Enemy","time":8,"x":800,"y":0,"type":"Vertical"},{"class":"Enemy","time":10,"x":800,"y":600,"type":"Drone"},{"class":"Enemy","time":10,"x":800,"y":400,"type":"Drone"},{"class":"Enemy","time":10,"x":800,"y":200,"type":"Drone"},{"class":"Enemy","time":10,"x":800,"y":0,"type":"Drone"},{"class":"Enemy","time":12,"x":800,"y":600,"type":"Vertical"},{"class":"Enemy","time":12,"x":800,"y":0,"type":"Vertical"},{"class":"Enemy","time":14,"x":800,"y":500,"type":"Drone"},{"class":"Enemy","time":14,"x":800,"y":300,"type":"Drone"},{"class":"Enemy","time":14,"x":800,"y":100,"type":"Drone"},{"class":"Enemy","time":15,"x":800,"y":300,"type":"Drone"},{"class":"Enemy","time":16,"x":800,"y":600,"type":"Vertical"},{"class":"Enemy","time":16,"x":800,"y":0,"type":"Vertical"},{"class":"Enemy","time":17,"x":800,"y":400,"type":"Drone"},{"class":"Enemy","time":17,"x":800,"y":500,"type":"Drone"},{"class":"Enemy","time":18,"x":800,"y":300,"type":"Drone"},{"class":"Enemy","time":18,"x":800,"y":100,"type":"Drone"},{"class":"Enemy","time":20,"x":800,"y":600,"type":"Beeline"},{"class":"Enemy","time":20,"x":800,"y":500,"type":"Beeline"},{"class":"Enemy","time":20,"x":800,"y":400,"type":"Beeline"},{"class":"Enemy","time":20,"x":800,"y":300,"type":"Beeline"},{"class":"Enemy","time":20,"x":800,"y":200,"type":"Beeline"},{"class":"Enemy","time":20,"x":800,"y":100,"type":"Beeline"},{"class":"Enemy","time":20,"x":800,"y":0,"type":"Beeline"},{"class":"Enemy","time":21,"x":800,"y":500,"type":"Drone"},{"class":"Enemy","time":22,"x":800,"y":400,"type":"Drone"},{"class":"Enemy","time":22,"x":800,"y":200,"type":"Drone"},{"class":"Enemy","time":23,"x":800,"y":100,"type":"Drone"},{"class":"Enemy","time":24,"x":800,"y":600,"type":"Vertical"},{"class":"Enemy","time":24,"x":800,"y":0,"type":"Vertical"},{"class":"Enemy","time":25,"x":800,"y":300,"type":"Drone"},{"class":"Enemy","time":26,"x":800,"y":200,"type":"Drone"},{"class":"Enemy","time":26,"x":800,"y":400,"type":"Drone"},{"class":"Enemy","time":27,"x":800,"y":100,"type":"Drone"},{"class":"Enemy","time":28,"x":800,"y":600,"type":"Vertical"},{"class":"Enemy","time":28,"x":800,"y":0,"type":"Vertical"},{"class":"Enemy","time":29,"x":800,"y":300,"type":"Drone"},{"class":"Enemy","time":30,"x":800,"y":200,"type":"Drone"},{"class":"Enemy","time":30,"x":800,"y":400,"type":"Drone"},{"class":"Enemy","time":31,"x":800,"y":500,"type":"Drone"},{"class":"Enemy","time":32,"x":800,"y":600,"type":"Vertical"},{"class":"Enemy","time":32,"x":800,"y":0,"type":"Vertical"},{"class":"Enemy","time":33,"x":800,"y":500,"type":"Drone"},{"class":"Enemy","time":33,"x":800,"y":100,"type":"Drone"},{"class":"Enemy","time":34,"x":800,"y":200,"type":"Drone"},{"class":"Enemy","time":35,"x":800,"y":300,"type":"Drone"},{"class":"Enemy","time":36,"x":800,"y":600,"type":"Vertical"},{"class":"Enemy","time":36,"x":800,"y":0,"type":"Vertical"},{"class":"Enemy","time":37,"x":800,"y":300,"type":"Drone"},{"class":"Enemy","time":37,"x":800,"y":100,"type":"Drone"},{"class":"Enemy","time":38,"x":800,"y":400,"type":"Drone"},{"class":"Enemy","time":39,"x":800,"y":200,"type":"Drone"},{"class":"Enemy","time":40,"x":800,"y":600,"type":"Beeline"},{"class":"Enemy","time":40,"x":800,"y":500,"type":"Beeline"},{"class":"Enemy","time":40,"x":800,"y":400,"type":"Beeline"},{"class":"Enemy","time":40,"x":800,"y":300,"type":"Beeline"},{"class":"Enemy","time":40,"x":800,"y":200,"type":"Beeline"},{"class":"Enemy","time":40,"x":800,"y":100,"type":"Beeline"},{"class":"Enemy","time":40,"x":800,"y":0,"type":"Beeline"},{"class":"Enemy","time":41,"x":800,"y":200,"type":"Drone"},{"class":"Enemy","time":41,"x":800,"y":200,"type":"Drone"},{"class":"Enemy","time":43,"x":800,"y":400,"type":"Drone"},{"class":"Enemy","time":43,"x":800,"y":200,"type":"Drone"},{"class":"Enemy","time":44,"x":800,"y":600,"type":"Vertical"},{"class":"Enemy","time":44,"x":800,"y":0,"type":"Vertical"},{"class":"Enemy","x":800,"y":300,"time":55,"type":"MiniBoss4"}]