{"bones":[{"name":"root"},{"name":"hip","parent":"root","x":-1.38,"y":85.54},{"name":"left_leg_upper","parent":"hip","length":55.18,"x":11.71,"y":3.47,"rotation":-30.13},{"name":"right_leg_upper","parent":"hip","length":47.93,"x":-13.07,"y":3.74,"rotation":-139.95},{"name":"spine","parent":"hip","length":112.56,"x":1.92,"y":6.41,"rotation":89.57},{"name":"head","parent":"spine","length":29.55,"x":113.38,"y":-0.79,"rotation":-0.23},{"name":"left_arm_upper","parent":"spine","length":44.96,"x":94.6,"y":-15.52,"rotation":-68.23},{"name":"left_leg_lower","parent":"left_leg_upper","length":46.83,"x":53.28,"y":-0.92,"scaleX":1.271,"scaleY":0.978,"rotation":-58.99},{"name":"left_upper_arm_2","parent":"spine","length":50.2,"x":85.01,"y":-7.52,"rotation":-131.63},{"name":"right_arm_upper","parent":"spine","length":44.98,"x":98.62,"y":16.36,"rotation":80.35},{"name":"right_leg_lower","parent":"right_leg_upper","length":55.83,"x":45.76,"y":4.02,"scaleX":1.049,"rotation":49.29},{"name":"right_upper_arm_2","parent":"spine","length":50.26,"x":82.69,"y":9.27,"rotation":131.37},{"name":"left_arm_lower","parent":"left_arm_upper","length":41.73,"x":44.02,"y":-0.57,"rotation":-69.22},{"name":"left_lower_arm_2","parent":"left_upper_arm_2","length":48.3,"x":50.21,"y":-0.01,"rotation":39.31},{"name":"right_arm_lower","parent":"right_arm_upper","length":53.94,"x":43.52,"y":1.02,"rotation":61.65},{"name":"right_lower_arm_2","parent":"right_upper_arm_2","length":51.61,"x":50.26,"y":-0.08,"rotation":-28.7}],"slots":[{"name":"line","bone":"left_leg_upper","attachment":"upperLeg"},{"name":"line2","bone":"left_leg_lower","attachment":"lowerArm"},{"name":"line3","bone":"right_leg_upper","attachment":"upperLeg"},{"name":"line4","bone":"right_leg_lower","attachment":"lowerArm"},{"name":"line6","bone":"left_arm_upper","attachment":"upperArm"},{"name":"line7","bone":"left_arm_lower","attachment":"lowerArm"},{"name":"line8","bone":"right_arm_upper","attachment":"upperArm"},{"name":"line9","bone":"right_arm_lower","attachment":"lowerArm"},{"name":"line10","bone":"right_upper_arm_2","attachment":"upperArm"},{"name":"line11","bone":"right_lower_arm_2","attachment":"lowerArm"},{"name":"line13","bone":"left_lower_arm_2","attachment":"lowerArm"},{"name":"line12","bone":"left_upper_arm_2","attachment":"upperArm"},{"name":"head","bone":"head","attachment":"head"},{"name":"line5","bone":"spine","attachment":"torso"}],"skins":{"default":{"head":{"head":{"x":18.59,"y":0.38,"scaleX":3.149,"scaleY":3.149,"rotation":-87.96,"width":10,"height":16}},"line":{"upperLeg":{"x":27.66,"y":-0.75,"scaleX":4.347,"scaleY":4.347,"rotation":80.17,"width":6,"height":14}},"line10":{"upperArm":{"x":24.6,"y":-1.45,"scaleX":4.311,"scaleY":4.311,"rotation":109.31,"width":7,"height":15}},"line11":{"lowerArm":{"x":24.45,"y":-0.69,"scaleX":4.485,"scaleY":4.485,"rotation":138.25,"width":10,"height":10}},"line12":{"upperArm":{"x":27.52,"y":-2.83,"scaleX":3.784,"scaleY":3.784,"rotation":98.39,"width":7,"height":15}},"line13":{"lowerArm":{"x":19.56,"y":-0.06,"scaleX":4.227,"scaleY":4.227,"rotation":129.97,"width":10,"height":10}},"line2":{"lowerArm":{"x":21.27,"y":-1.45,"scaleX":3.646,"scaleY":4.739,"rotation":122.68,"width":10,"height":10}},"line3":{"upperLeg":{"x":19.86,"y":-3.61,"scaleX":4.594,"scaleY":4.594,"rotation":84.83,"width":6,"height":14}},"line4":{"lowerArm":{"x":24.38,"y":-2.21,"scaleX":4.667,"scaleY":4.895,"rotation":132.1,"width":10,"height":10}},"line5":{"torso":{"x":51,"y":-5.78,"scaleX":3.655,"scaleY":3.655,"rotation":-88.8,"width":15,"height":34}},"line6":{"upperArm":{"x":19.75,"y":-4.49,"scaleX":3.891,"scaleY":3.891,"rotation":106.04,"width":7,"height":15}},"line7":{"lowerArm":{"x":22.52,"y":-3.47,"scaleX":4.124,"scaleY":4.124,"rotation":137.95,"width":10,"height":10}},"line8":{"upperArm":{"x":28.11,"y":4.99,"scaleX":4.238,"scaleY":4.238,"rotation":-74.94,"width":7,"height":15}},"line9":{"lowerArm":{"x":26.9,"y":-1.67,"scaleX":5.298,"scaleY":5.298,"rotation":128.42,"width":10,"height":10}}}},"animations":{"idle":{"bones":{"hip":{"rotate":[{"time":0,"angle":0,"curve":"stepped"},{"time":0.6666,"angle":0}],"translate":[{"time":0,"x":0,"y":0},{"time":0.3333,"x":0,"y":-12.45},{"time":0.6666,"x":0,"y":0}]},"left_leg_upper":{"rotate":[{"time":0,"angle":0},{"time":0.3333,"angle":10.3},{"time":0.6666,"angle":0}],"translate":[{"time":0,"x":0,"y":0,"curve":"stepped"},{"time":0.6666,"x":0,"y":0}]},"right_leg_upper":{"rotate":[{"time":0,"angle":0},{"time":0.3333,"angle":-14.3},{"time":0.6666,"angle":0}],"translate":[{"time":0,"x":0,"y":0,"curve":"stepped"},{"time":0.6666,"x":0,"y":0}]},"spine":{"rotate":[{"time":0,"angle":0,"curve":"stepped"},{"time":0.6666,"angle":0}],"translate":[{"time":0,"x":0,"y":0,"curve":"stepped"},{"time":0.6666,"x":0,"y":0}]},"head":{"rotate":[{"time":0,"angle":0,"curve":"stepped"},{"time":0.6666,"angle":0}],"translate":[{"time":0,"x":0,"y":0,"curve":"stepped"},{"time":0.6666,"x":0,"y":0}]},"left_arm_upper":{"rotate":[{"time":0,"angle":0},{"time":0.3333,"angle":34.79},{"time":0.6666,"angle":0}],"translate":[{"time":0,"x":0,"y":0,"curve":"stepped"},{"time":0.6666,"x":0,"y":0}]},"left_leg_lower":{"rotate":[{"time":0,"angle":0},{"time":0.3333,"angle":-21.73},{"time":0.6666,"angle":0}],"translate":[{"time":0,"x":0,"y":0,"curve":"stepped"},{"time":0.6666,"x":0,"y":0}]},"left_upper_arm_2":{"rotate":[{"time":0,"angle":0},{"time":0.3333,"angle":9.26},{"time":0.6666,"angle":0}],"translate":[{"time":0,"x":0,"y":0,"curve":"stepped"},{"time":0.6666,"x":0,"y":0}]},"right_arm_upper":{"rotate":[{"time":0,"angle":0},{"time":0.3333,"angle":-27.71},{"time":0.6666,"angle":0}],"translate":[{"time":0,"x":0,"y":0,"curve":"stepped"},{"time":0.6666,"x":0,"y":0}]},"right_leg_lower":{"rotate":[{"time":0,"angle":0},{"time":0.3333,"angle":27.07},{"time":0.6666,"angle":0}],"translate":[{"time":0,"x":0,"y":0,"curve":"stepped"},{"time":0.6666,"x":0,"y":0}]},"right_upper_arm_2":{"rotate":[{"time":0,"angle":0},{"time":0.3333,"angle":-24.91},{"time":0.6666,"angle":0}],"translate":[{"time":0,"x":0,"y":0,"curve":"stepped"},{"time":0.6666,"x":0,"y":0}]},"left_arm_lower":{"rotate":[{"time":0,"angle":0},{"time":0.3333,"angle":135.28},{"time":0.6666,"angle":0}],"translate":[{"time":0,"x":0,"y":0,"curve":"stepped"},{"time":0.6666,"x":0,"y":0}]},"left_lower_arm_2":{"rotate":[{"time":0,"angle":0},{"time":0.3333,"angle":-12.09},{"time":0.6666,"angle":0}],"translate":[{"time":0,"x":0,"y":0,"curve":"stepped"},{"time":0.6666,"x":0,"y":0}]},"right_arm_lower":{"rotate":[{"time":0,"angle":0},{"time":0.3333,"angle":-148.42},{"time":0.6666,"angle":0}],"translate":[{"time":0,"x":0,"y":0,"curve":"stepped"},{"time":0.6666,"x":0,"y":0}]},"right_lower_arm_2":{"rotate":[{"time":0,"angle":0},{"time":0.3333,"angle":44.37},{"time":0.6666,"angle":0}],"translate":[{"time":0,"x":0,"y":0,"curve":"stepped"},{"time":0.6666,"x":0,"y":0}]}}},"pick":{"bones":{"hip":{"rotate":[{"time":0,"angle":0,"curve":"stepped"},{"time":0.6666,"angle":0}],"translate":[{"time":0,"x":0,"y":0},{"time":0.1666,"x":0.73,"y":-36.54},{"time":0.6666,"x":0,"y":0}]},"left_leg_upper":{"rotate":[{"time":0,"angle":0},{"time":0.1666,"angle":43.03},{"time":0.6666,"angle":0}],"translate":[{"time":0,"x":0,"y":0,"curve":"stepped"},{"time":0.6666,"x":0,"y":0}]},"right_leg_upper":{"rotate":[{"time":0,"angle":0},{"time":0.1666,"angle":306.26},{"time":0.6666,"angle":0}],"translate":[{"time":0,"x":0,"y":0,"curve":"stepped"},{"time":0.6666,"x":0,"y":0}]},"spine":{"rotate":[{"time":0,"angle":0,"curve":"stepped"},{"time":0.6666,"angle":0}],"translate":[{"time":0,"x":0,"y":0,"curve":"stepped"},{"time":0.6666,"x":0,"y":0}]},"head":{"rotate":[{"time":0,"angle":0,"curve":"stepped"},{"time":0.6666,"angle":0}],"translate":[{"time":0,"x":0,"y":0,"curve":"stepped"},{"time":0.6666,"x":0,"y":0}]},"left_arm_upper":{"rotate":[{"time":0,"angle":0},{"time":0.1666,"angle":19.87},{"time":0.3333,"angle":-8.56},{"time":0.5,"angle":-31.42},{"time":0.6666,"angle":0}],"translate":[{"time":0,"x":0,"y":0,"curve":"stepped"},{"time":0.6666,"x":0,"y":0}]},"left_leg_lower":{"rotate":[{"time":0,"angle":0},{"time":0.1666,"angle":-41.04},{"time":0.6666,"angle":0}],"translate":[{"time":0,"x":0,"y":0,"curve":"stepped"},{"time":0.6666,"x":0,"y":0}]},"left_upper_arm_2":{"rotate":[{"time":0,"angle":0},{"time":0.1666,"angle":-15.71},{"time":0.5,"angle":104.1},{"time":0.6666,"angle":0}],"translate":[{"time":0,"x":0,"y":0},{"time":0.1666,"x":-26.29,"y":-2.38},{"time":0.6666,"x":0,"y":0}]},"right_arm_upper":{"rotate":[{"time":0,"angle":0},{"time":0.1666,"angle":-36.73},{"time":0.3333,"angle":1.82},{"time":0.5,"angle":31.6},{"time":0.6666,"angle":0}],"translate":[{"time":0,"x":0,"y":0,"curve":"stepped"},{"time":0.6666,"x":0,"y":0}]},"right_leg_lower":{"rotate":[{"time":0,"angle":0},{"time":0.1666,"angle":54.71},{"time":0.6666,"angle":0}],"translate":[{"time":0,"x":0,"y":0,"curve":"stepped"},{"time":0.6666,"x":0,"y":0}]},"right_upper_arm_2":{"rotate":[{"time":0,"angle":0},{"time":0.1666,"angle":22.5},{"time":0.5,"angle":-109.87},{"time":0.6666,"angle":0}],"translate":[{"time":0,"x":0,"y":0},{"time":0.1666,"x":-24.13,"y":2.01},{"time":0.6666,"x":0,"y":0}]},"left_arm_lower":{"rotate":[{"time":0,"angle":0},{"time":0.1666,"angle":69.44},{"time":0.5,"angle":1.57},{"time":0.6666,"angle":0}],"translate":[{"time":0,"x":0,"y":0,"curve":"stepped"},{"time":0.6666,"x":0,"y":0}]},"left_lower_arm_2":{"rotate":[{"time":0,"angle":0},{"time":0.1666,"angle":-81.47},{"time":0.3333,"angle":-182.79},{"time":0.5,"angle":5.22},{"time":0.6666,"angle":0}],"translate":[{"time":0,"x":0,"y":0,"curve":"stepped"},{"time":0.6666,"x":0,"y":0}],"scale":[{"time":0.1666,"x":1.233,"y":1}]},"right_arm_lower":{"rotate":[{"time":0,"angle":0},{"time":0.1666,"angle":-49.62},{"time":0.5,"angle":20.85},{"time":0.6666,"angle":0}],"translate":[{"time":0,"x":0,"y":0,"curve":"stepped"},{"time":0.6666,"x":0,"y":0}]},"right_lower_arm_2":{"rotate":[{"time":0,"angle":0},{"time":0.1666,"angle":68.16},{"time":0.3333,"angle":164.59},{"time":0.5,"angle":-30.89},{"time":0.6666,"angle":0}],"translate":[{"time":0,"x":0,"y":0,"curve":"stepped"},{"time":0.6666,"x":0,"y":0}]}}},"run":{"bones":{"hip":{"rotate":[{"time":0,"angle":0,"curve":"stepped"},{"time":0.3333,"angle":0,"curve":"stepped"},{"time":0.6666,"angle":0}],"translate":[{"time":0,"x":0,"y":0},{"time":0.1666,"x":-0.73,"y":9.5},{"time":0.3333,"x":0,"y":0},{"time":0.5,"x":2.19,"y":11.69},{"time":0.6666,"x":0,"y":0}]},"left_leg_upper":{"rotate":[{"time":0,"angle":0},{"time":0.1666,"angle":-42.09},{"time":0.3333,"angle":-54.43},{"time":0.5,"angle":80.23},{"time":0.6666,"angle":0}],"translate":[{"time":0,"x":0,"y":0},{"time":0.3333,"x":-24.12,"y":6.57},{"time":0.6666,"x":0,"y":0}]},"right_leg_upper":{"rotate":[{"time":0,"angle":0},{"time":0.1666,"angle":110.89},{"time":0.3333,"angle":38.21},{"time":0.5,"angle":-3.92},{"time":0.6666,"angle":0}],"translate":[{"time":0,"x":0,"y":0},{"time":0.3333,"x":27.77,"y":-5.11},{"time":0.6666,"x":0,"y":0}]},"spine":{"rotate":[{"time":0,"angle":0,"curve":"stepped"},{"time":0.6666,"angle":0}],"translate":[{"time":0,"x":0,"y":0,"curve":"stepped"},{"time":0.6666,"x":0,"y":0}]},"head":{"rotate":[{"time":0,"angle":3.11,"curve":"stepped"},{"time":0.3333,"angle":3.11,"curve":"stepped"},{"time":0.6666,"angle":3.11}],"translate":[{"time":0,"x":0,"y":0},{"time":0.1666,"x":-5.02,"y":-0.98},{"time":0.3333,"x":0,"y":0},{"time":0.5,"x":-5.73,"y":-1.12},{"time":0.6666,"x":0,"y":0}]},"left_arm_upper":{"rotate":[{"time":0,"angle":29.12},{"time":0.3333,"angle":257.87},{"time":0.5,"angle":313.93},{"time":0.6666,"angle":29.12}],"translate":[{"time":0,"x":0,"y":0},{"time":0.3333,"x":-0.21,"y":23.79},{"time":0.6666,"x":0,"y":0}]},"left_leg_lower":{"rotate":[{"time":0,"angle":0},{"time":0.3333,"angle":-65.87},{"time":0.5,"angle":-105.46},{"time":0.6666,"angle":0}],"translate":[{"time":0,"x":0,"y":0,"curve":"stepped"},{"time":0.6666,"x":0,"y":0}]},"right_arm_upper":{"rotate":[{"time":0,"angle":0},{"time":0.3333,"angle":-235.97},{"time":0.5,"angle":-265.99},{"time":0.6666,"angle":0}],"translate":[{"time":0,"x":0,"y":0},{"time":0.3333,"x":-4.96,"y":-27.79},{"time":0.6666,"x":0,"y":0}]},"right_leg_lower":{"rotate":[{"time":0,"angle":-35.14},{"time":0.1666,"angle":-80.76},{"time":0.3333,"angle":36.02},{"time":0.6666,"angle":-35.14}],"translate":[{"time":0,"x":0,"y":0},{"time":0.3333,"x":0.94,"y":-1.83},{"time":0.6666,"x":0,"y":0}]},"left_arm_lower":{"rotate":[{"time":0,"angle":28},{"time":0.3333,"angle":-41.03},{"time":0.5,"angle":-57.78},{"time":0.6666,"angle":28}],"translate":[{"time":0,"x":0,"y":0,"curve":"stepped"},{"time":0.6666,"x":0,"y":0}]},"right_arm_lower":{"rotate":[{"time":0,"angle":-12.96},{"time":0.3333,"angle":49.76},{"time":0.6666,"angle":-12.96}],"translate":[{"time":0,"x":0,"y":0,"curve":"stepped"},{"time":0.6666,"x":0,"y":0}]}}},"walkLeft":{"bones":{"hip":{"rotate":[{"time":0,"angle":0,"curve":"stepped"},{"time":0.6666,"angle":0}],"translate":[{"time":0,"x":0,"y":0},{"time":0.3333,"x":-2.92,"y":-16.08},{"time":0.6666,"x":0,"y":0}]},"left_leg_upper":{"rotate":[{"time":0,"angle":0},{"time":0.3333,"angle":8.99},{"time":0.5,"angle":18.71},{"time":0.6666,"angle":0}],"translate":[{"time":0,"x":0,"y":0,"curve":"stepped"},{"time":0.6666,"x":0,"y":0}]},"right_leg_upper":{"rotate":[{"time":0,"angle":0},{"time":0.1666,"angle":-31.2},{"time":0.3333,"angle":305.91},{"time":0.5,"angle":-15.84},{"time":0.6666,"angle":0}],"translate":[{"time":0,"x":0,"y":0,"curve":"stepped"},{"time":0.6666,"x":0,"y":0}]},"spine":{"rotate":[{"time":0,"angle":0,"curve":"stepped"},{"time":0.6666,"angle":0}],"translate":[{"time":0,"x":0,"y":0,"curve":"stepped"},{"time":0.6666,"x":0,"y":0}]},"head":{"rotate":[{"time":0,"angle":0,"curve":"stepped"},{"time":0.6666,"angle":0}],"translate":[{"time":0,"x":0,"y":0,"curve":"stepped"},{"time":0.6666,"x":0,"y":0}]},"left_arm_upper":{"rotate":[{"time":0,"angle":0,"curve":"stepped"},{"time":0.6666,"angle":0}],"translate":[{"time":0,"x":0,"y":0,"curve":"stepped"},{"time":0.6666,"x":0,"y":0}]},"left_leg_lower":{"rotate":[{"time":0,"angle":0},{"time":0.3333,"angle":29.72},{"time":0.5,"angle":-0.79},{"time":0.6666,"angle":0}],"translate":[{"time":0,"x":0,"y":0,"curve":"stepped"},{"time":0.6666,"x":0,"y":0}]},"left_upper_arm_2":{"rotate":[{"time":0,"angle":0},{"time":0.3333,"angle":11.39},{"time":0.6666,"angle":0}],"translate":[{"time":0,"x":0,"y":0,"curve":"stepped"},{"time":0.6666,"x":0,"y":0}]},"right_arm_upper":{"rotate":[{"time":0,"angle":0},{"time":0.3333,"angle":15.4},{"time":0.6666,"angle":0}],"translate":[{"time":0,"x":0,"y":0,"curve":"stepped"},{"time":0.6666,"x":0,"y":0}]},"right_leg_lower":{"rotate":[{"time":0,"angle":0},{"time":0.1666,"angle":5.51},{"time":0.3333,"angle":30.65},{"time":0.6666,"angle":0}],"translate":[{"time":0,"x":0,"y":0,"curve":"stepped"},{"time":0.6666,"x":0,"y":0}]},"right_upper_arm_2":{"rotate":[{"time":0,"angle":0},{"time":0.3333,"angle":-20.11},{"time":0.6666,"angle":0}],"translate":[{"time":0,"x":0,"y":0,"curve":"stepped"},{"time":0.6666,"x":0,"y":0}]},"left_arm_lower":{"rotate":[{"time":0,"angle":0},{"time":0.3333,"angle":19.85},{"time":0.6666,"angle":0}],"translate":[{"time":0,"x":0,"y":0,"curve":"stepped"},{"time":0.6666,"x":0,"y":0}]},"left_lower_arm_2":{"rotate":[{"time":0,"angle":0,"curve":"stepped"},{"time":0.6666,"angle":0}],"translate":[{"time":0,"x":0,"y":0,"curve":"stepped"},{"time":0.6666,"x":0,"y":0}]},"right_arm_lower":{"rotate":[{"time":0,"angle":0},{"time":0.3333,"angle":-77.96},{"time":0.6666,"angle":0}],"translate":[{"time":0,"x":0,"y":0,"curve":"stepped"},{"time":0.6666,"x":0,"y":0}]},"right_lower_arm_2":{"rotate":[{"time":0,"angle":0},{"time":0.3333,"angle":21.64},{"time":0.6666,"angle":0}],"translate":[{"time":0,"x":0,"y":0,"curve":"stepped"},{"time":0.6666,"x":0,"y":0}]}}},"walkRight":{"bones":{"hip":{"rotate":[{"time":0,"angle":0,"curve":"stepped"},{"time":0.6666,"angle":0}],"translate":[{"time":0,"x":0,"y":0},{"time":0.3333,"x":2.19,"y":-12.42},{"time":0.6666,"x":0,"y":0}]},"left_leg_upper":{"rotate":[{"time":0,"angle":0},{"time":0.3333,"angle":25.92},{"time":0.6666,"angle":0}],"translate":[{"time":0,"x":0,"y":0,"curve":"stepped"},{"time":0.6666,"x":0,"y":0}]},"right_leg_upper":{"rotate":[{"time":0,"angle":0},{"time":0.3333,"angle":-10.71},{"time":0.5,"angle":-6.72},{"time":0.6666,"angle":0}],"translate":[{"time":0,"x":0,"y":0,"curve":"stepped"},{"time":0.6666,"x":0,"y":0}]},"spine":{"rotate":[{"time":0,"angle":0,"curve":"stepped"},{"time":0.6666,"angle":0}],"translate":[{"time":0,"x":0,"y":0,"curve":"stepped"},{"time":0.6666,"x":0,"y":0}]},"head":{"rotate":[{"time":0,"angle":0,"curve":"stepped"},{"time":0.6666,"angle":0}],"translate":[{"time":0,"x":0,"y":0,"curve":"stepped"},{"time":0.6666,"x":0,"y":0}]},"left_arm_upper":{"rotate":[{"time":0,"angle":0,"curve":"stepped"},{"time":0.6666,"angle":0}],"translate":[{"time":0,"x":0,"y":0,"curve":"stepped"},{"time":0.6666,"x":0,"y":0}]},"left_leg_lower":{"rotate":[{"time":0,"angle":0},{"time":0.3333,"angle":-27.17},{"time":0.5,"angle":6.32},{"time":0.6666,"angle":0}],"translate":[{"time":0,"x":0,"y":0,"curve":"stepped"},{"time":0.6666,"x":0,"y":0}]},"left_upper_arm_2":{"rotate":[{"time":0,"angle":0},{"time":0.3333,"angle":-11.64},{"time":0.6666,"angle":0}],"translate":[{"time":0,"x":0,"y":0,"curve":"stepped"},{"time":0.6666,"x":0,"y":0}]},"right_arm_upper":{"rotate":[{"time":0,"angle":0,"curve":"stepped"},{"time":0.6666,"angle":0}],"translate":[{"time":0,"x":0,"y":0,"curve":"stepped"},{"time":0.6666,"x":0,"y":0}]},"right_leg_lower":{"rotate":[{"time":0,"angle":0},{"time":0.3333,"angle":-26.49},{"time":0.6666,"angle":0}],"translate":[{"time":0,"x":0,"y":0,"curve":"stepped"},{"time":0.6666,"x":0,"y":0}]},"right_upper_arm_2":{"rotate":[{"time":0,"angle":0},{"time":0.3333,"angle":18.41},{"time":0.6666,"angle":0}],"translate":[{"time":0,"x":0,"y":0,"curve":"stepped"},{"time":0.6666,"x":0,"y":0}]},"left_arm_lower":{"rotate":[{"time":0,"angle":0},{"time":0.3333,"angle":61.82},{"time":0.6666,"angle":0}],"translate":[{"time":0,"x":0,"y":0,"curve":"stepped"},{"time":0.6666,"x":0,"y":0}]},"left_lower_arm_2":{"rotate":[{"time":0,"angle":0},{"time":0.3333,"angle":29.18},{"time":0.6666,"angle":0}],"translate":[{"time":0,"x":0,"y":0,"curve":"stepped"},{"time":0.6666,"x":0,"y":0}]},"right_arm_lower":{"rotate":[{"time":0,"angle":0},{"time":0.3333,"angle":-37.98},{"time":0.6666,"angle":0}],"translate":[{"time":0,"x":0,"y":0,"curve":"stepped"},{"time":0.6666,"x":0,"y":0}]},"right_lower_arm_2":{"rotate":[{"time":0,"angle":0},{"time":0.3333,"angle":-38.93},{"time":0.6666,"angle":0}],"translate":[{"time":0,"x":0,"y":0,"curve":"stepped"},{"time":0.6666,"x":0,"y":0}]}}}}}